Region,Division,,Enrollment_2012,Enrollment_2011,Enrollment_2010,Enrollment_2009,Enrollment_2008,Enrollment_2007,Enrollment_2006,Enrollment_2005
Region I,Ilocos Norte,Total,56473,55885,54573,54185,54134,53879,53595,53546
Region I,Ilocos Norte,Male,29591,29225,28627,28381,28315,28132,27940,27801
Region I,Ilocos Norte,Female,26882,26660,25946,25804,25819,25747,25655,25745
Region I,Ilocos Sur,Total,69652,69871,68563,67522,66430,66210,65845,66098
Region I,Ilocos Sur,Male,36657,36659,35902,35345,34709,34649,34375,34605
Region I,Ilocos Sur,Female,32995,33212,32661,32177,31721,31561,31470,31493
Region I,La Union,Total,77869,79132,78510,78130,77463,77115,76911,77154
Region I,La Union,Male,40888,41518,41178,40958,40501,40475,40219,40241
Region I,La Union,Female,36981,37614,37332,37172,36962,36640,36692,36913
Region I,"Pangasinan I, Lingayen",Total,176715,176129,174439,174787,174484,172823,172930,173544
Region I,"Pangasinan I, Lingayen",Male,92891,91986,91136,91071,91039,89988,90076,90278
Region I,"Pangasinan I, Lingayen",Female,83824,84143,83303,83716,83445,82835,82854,83266
Region I,"Pangasinan II, Binalonan",Total,134090,133256,133235,134100,134013,132979,134251,135611
Region I,"Pangasinan II, Binalonan",Male,70189,69558,69574,69830,69437,68618,69723,70371
Region I,"Pangasinan II, Binalonan",Female,63901,63698,63661,64270,64576,64361,64528,65240
Region I,Dagupan City,Total,22104,22067,21060,20720,20181,19749,19346,18820
Region I,Dagupan City,Male,11404,11373,10788,10723,10407,10232,10020,9745
Region I,Dagupan City,Female,10700,10694,10272,9997,9774,9517,9326,9075
Region I,Laoag City,Total,11333,10983,10697,10392,10294,10073,9920,9769
Region I,Laoag City,Male,5859,5659,5523,5351,5370,5265,5171,5096
Region I,Laoag City,Female,5474,5324,5174,5041,4924,4808,4749,4673
Region I,San Carlos City,Total,26146,25696,25352,25529,25754,25668,25170,25236
Region I,San Carlos City,Male,13779,13476,13343,13368,13444,13386,13060,13119
Region I,San Carlos City,Female,12367,12220,12009,12161,12310,12282,12110,12117
Region I,Urdaneta City,Total,18231,18090,17497,16910,16445,16209,16237,16496
Region I,Urdaneta City,Male,9651,9580,9259,8873,8594,8554,8404,8545
Region I,Urdaneta City,Female,8580,8510,8238,8037,7851,7655,7833,7951
Region I,Candon City,Total,6536,6501,6299,6179,6102,6143,6177,7377
Region I,Candon City,Male,3443,3429,3348,3277,3199,3208,3219,3787
Region I,Candon City,Female,3093,3072,2951,2902,2903,2935,2958,3590
Region I,Alaminos City,Total,12488,12193,11864,11766,11698,11514,11465,11372
Region I,Alaminos City,Male,6568,6380,6194,6130,6085,6006,5948,5932
Region I,Alaminos City,Female,5920,5813,5670,5636,5613,5508,5517,5440
Region I,Vigan City,Total,5750,5538,5305,4979,4964,4860,4776,4836
Region I,Vigan City,Male,2940,2842,2743,2590,2567,2525,2471,2500
Region I,Vigan City,Female,2810,2696,2562,2389,2397,2335,2305,2336
Region I,San Fernando City,Total,11843,11510,11272,11251,11222,11142,11047,10902
Region I,San Fernando City,Male,6374,6195,6034,5978,5953,5853,5879,5779
Region I,San Fernando City,Female,5469,5315,5238,5273,5269,5289,5168,5123
Region I,Region I,Total,629230,626851,618666,616450,613184,608364,607670,610761
Region I,Region I,Male,330234,327880,323649,321875,319620,316891,316505,317799
Region I,Region I,Female,298996,298971,295017,294575,293564,291473,291165,292962
Region II,Batanes,Total,2329,2315,2238,2248,2227,2274,2315,2359
Region II,Batanes,Male,1198,1188,1164,1179,1170,1178,1206,1256
Region II,Batanes,Female,1131,1127,1074,1069,1057,1096,1109,1103
Region II,Cagayan,Total,137535,134765,134389,136027,137059,135087,135037,136140
Region II,Cagayan,Male,71595,69864,69765,70448,71218,70012,69849,70499
Region II,Cagayan,Female,65940,64901,64624,65579,65841,65075,65188,65641
Region II,Isabela,Total,162150,159696,158347,157179,175147,176242,179777,181721
Region II,Isabela,Male,84911,83168,82008,81432,90475,90909,92859,93757
Region II,Isabela,Female,77239,76528,76339,75747,84672,85333,86918,87964
Region II,Nueva Vizcaya,Total,59402,58325,57007,56225,55768,54968,54263,54723
Region II,Nueva Vizcaya,Male,30874,30300,29556,29285,29164,28412,28153,28348
Region II,Nueva Vizcaya,Female,28528,28025,27451,26940,26604,26556,26110,26375
Region II,Quirino,Total,25389,25385,25348,25056,24971,24859,24827,24887
Region II,Quirino,Male,13493,13502,13515,13317,13278,13075,13031,12932
Region II,Quirino,Female,11896,11883,11833,11739,11693,11784,11796,11955
Region II,Tuguegarao City,Total,16028,15996,15553,16088,16244,16200,16197,16258
Region II,Tuguegarao City,Male,8210,8269,8136,8333,8403,8301,8359,8333
Region II,Tuguegarao City,Female,7818,7727,7417,7755,7841,7899,7838,7925
Region II,Cauayan City,Total,15767,15325,15132,15002,14666,14772,14953,15385
Region II,Cauayan City,Male,8287,8015,7904,7859,7654,7656,7713,8010
Region II,Cauayan City,Female,7480,7310,7228,7143,7012,7116,7240,7375
Region II,Santiago City,Total,15974,15730,15762,15546,0,0,0,0
Region II,Santiago City,Male,8265,8107,8218,8079,0,0,0,0
Region II,Santiago City,Female,7709,7623,7544,7467,0,0,0,0
Region II,Region II,Total,434574,427537,423776,423371,426082,424402,427369,431473
Region II,Region II,Male,226833,222413,220266,219932,221362,219543,221170,223135
Region II,Region II,Female,207741,205124,203510,203439,204720,204859,206199,208338
Region III,San Jose City,Total,16395,15653,15375,0,0,0,0,0
Region III,San Jose City,Male,8656,8267,8050,0,0,0,0,0
Region III,San Jose City,Female,7739,7386,7325,0,0,0,0,0
Region III,Aurora,Total,33647,34052,34200,33489,33080,32037,29808,29357
Region III,Aurora,Male,17440,17652,17733,17407,17322,16716,15651,15404
Region III,Aurora,Female,16207,16400,16467,16082,15758,15321,14157,13953
Region III,Bataan,Total,80529,79433,78343,77896,77313,76683,75754,74578
Region III,Bataan,Male,41997,41465,40737,40743,40528,39977,39501,38986
Region III,Bataan,Female,38532,37968,37606,37153,36785,36706,36253,35592
Region III,Bulacan,Total,269405,267647,262088,259023,252015,247371,243532,238714
Region III,Bulacan,Male,140294,138782,135968,134306,130351,127855,126259,123397
Region III,Bulacan,Female,129111,128865,126120,124717,121664,119516,117273,115317
Region III,Nueva Ecija,Total,177875,177333,174227,188288,187040,185301,184867,186843
Region III,Nueva Ecija,Male,92273,91785,90253,97763,97175,95856,95623,96550
Region III,Nueva Ecija,Female,85602,85548,83974,90525,89865,89445,89244,90293
Region III,Pampanga,Total,225540,224664,223611,220878,218527,215998,213353,209521
Region III,Pampanga,Male,117704,116755,116377,115210,114047,112306,110960,108981
Region III,Pampanga,Female,107836,107909,107234,105668,104480,103692,102393,100540
Region III,Tarlac,Total,126826,127272,125374,124162,121674,120204,119597,118578
Region III,Tarlac,Male,66571,66642,65608,64973,63672,62684,62276,61908
Region III,Tarlac,Female,60255,60630,59766,59189,58002,57520,57321,56670
Region III,Zambales,Total,75751,75567,74717,73388,71224,70112,68289,67936
Region III,Zambales,Male,39738,39721,39084,38290,37009,36315,35500,35268
Region III,Zambales,Female,36013,35846,35633,35098,34215,33797,32789,32668
Region III,Angeles City,Total,48129,47130,46194,44967,43864,42980,42190,41650
Region III,Angeles City,Male,24872,24492,24083,23345,22669,22164,21863,21508
Region III,Angeles City,Female,23257,22638,22111,21622,21195,20816,20327,20142
Region III,Cabanatuan City,Total,34388,33496,32871,32875,31998,31260,30778,30581
Region III,Cabanatuan City,Male,17715,17291,17019,17039,16573,16099,15862,15852
Region III,Cabanatuan City,Female,16673,16205,15852,15836,15425,15161,14916,14729
Region III,Olongapo City,Total,28424,28626,28441,28337,28726,27380,26846,26122
Region III,Olongapo City,Male,14907,14992,14780,14895,15059,14342,13967,13652
Region III,Olongapo City,Female,13517,13634,13661,13442,13667,13038,12879,12470
Region III,San Jose del Monte City,Total,61173,60154,58516,57006,55114,53745,51835,50057
Region III,San Jose del Monte City,Male,31553,30907,30022,29421,28283,27663,26588,25894
Region III,San Jose del Monte City,Female,29620,29247,28494,27585,26831,26082,25247,24163
Region III,San Fernando City,Total,34516,33774,32370,31873,30879,30008,29206,28288
Region III,San Fernando City,Male,18000,17614,16843,16344,15860,15407,15004,14593
Region III,San Fernando City,Female,16516,16160,15527,15529,15019,14601,14202,13695
Region III,Gapan City,Total,14451,14871,14852,14639,14627,14333,14528,14290
Region III,Gapan City,Male,7518,7688,7681,7603,7537,7368,7480,7367
Region III,Gapan City,Female,6933,7183,7171,7036,7090,6965,7048,6923
Region III,Tarlac City,Total,42014,41479,41124,41008,40186,39990,39692,39196
Region III,Tarlac City,Male,22102,21714,21468,21444,20988,20935,20764,20481
Region III,Tarlac City,Female,19912,19765,19656,19564,19198,19055,18928,18715
Region III,Munoz Science City,Total,10617,10652,10684,10298,10304,10192,10063,10149
Region III,Munoz Science City,Male,5537,5531,5530,5356,5393,5315,5227,5282
Region III,Munoz Science City,Female,5080,5121,5154,4942,4911,4877,4836,4867
Region III,Balanga City,Total,11713,11721,11238,11092,11035,10778,10570,10483
Region III,Balanga City,Male,6029,6035,5765,5739,5707,5517,5411,5387
Region III,Balanga City,Female,5684,5686,5473,5353,5328,5261,5159,5096
Region III,Malolos City,Total,23714,23507,22967,22782,22356,22194,21759,21560
Region III,Malolos City,Male,12431,12213,11942,11765,11685,11438,11235,11071
Region III,Malolos City,Female,11283,11294,11025,11017,10671,10756,10524,10489
Region III,Region III,Total,1315107,1307031,1287192,1272001,1249962,1230566,1212667,1197903
Region III,Region III,Male,685337,679546,668943,661643,649858,637957,629171,621581
Region III,Region III,Female,629770,627485,618249,610358,600104,592609,583496,576322
Region IV-A,Dasmarinas City,Total,66702,65407,63060,0,0,0,0,0
Region IV-A,Dasmarinas City,Male,34657,33694,32495,0,0,0,0,0
Region IV-A,Dasmarinas City,Female,32045,31713,30565,0,0,0,0,0
Region IV-A,Batangas,Total,213061,213356,210298,207662,204699,201773,198213,194420
Region IV-A,Batangas,Male,111190,110778,109119,107784,106190,104659,102612,100487
Region IV-A,Batangas,Female,101871,102578,101179,99878,98509,97114,95601,93933
Region IV-A,Cavite,Total,280362,272292,260925,312595,303752,295079,287623,282100
Region IV-A,Cavite,Male,145992,141500,134686,161343,156632,151840,148187,145182
Region IV-A,Cavite,Female,134370,130792,126239,151252,147120,143239,139436,136918
Region IV-A,Laguna,Total,208797,206228,201863,195437,190409,188796,183378,178495
Region IV-A,Laguna,Male,108832,107654,105529,102087,99156,98367,95680,92770
Region IV-A,Laguna,Female,99965,98574,96334,93350,91253,90429,87698,85725
Region IV-A,Quezon,Total,268673,264440,257157,256745,254150,250294,251525,251092
Region IV-A,Quezon,Male,140333,137969,133661,133184,131976,129541,129773,129367
Region IV-A,Quezon,Female,128340,126471,123496,123561,122174,120753,121752,121725
Region IV-A,Rizal,Total,225172,214728,206355,202744,199171,194380,190360,185573
Region IV-A,Rizal,Male,117433,111568,106955,105329,103627,101188,99119,96496
Region IV-A,Rizal,Female,107739,103160,99400,97415,95544,93192,91241,89077
Region IV-A,Batangas City,Total,35777,36066,35430,35064,34712,34311,33966,32935
Region IV-A,Batangas City,Male,18848,18958,18552,18311,17994,17796,17574,17004
Region IV-A,Batangas City,Female,16929,17108,16878,16753,16718,16515,16392,15931
Region IV-A,Cavite City,Total,13100,12951,12904,13002,12980,12784,12702,12397
Region IV-A,Cavite City,Male,6810,6733,6641,6642,6641,6543,6499,6332
Region IV-A,Cavite City,Female,6290,6218,6263,6360,6339,6241,6203,6065
Region IV-A,Lipa City,Total,37060,35880,34768,34097,33334,32911,31956,31364
Region IV-A,Lipa City,Male,19382,18691,18096,17776,17483,17275,16845,16430
Region IV-A,Lipa City,Female,17678,17189,16672,16321,15851,15636,15111,14934
Region IV-A,Lucena City,Total,33852,33257,32047,31812,31512,31256,30585,30009
Region IV-A,Lucena City,Male,17366,17089,16441,16378,16226,16205,15861,15547
Region IV-A,Lucena City,Female,16486,16168,15606,15434,15286,15051,14724,14462
Region IV-A,San Pablo City,Total,31856,31532,30775,30325,30204,29862,29210,28372
Region IV-A,San Pablo City,Male,16727,16542,16111,15879,15766,15499,15033,14520
Region IV-A,San Pablo City,Female,15129,14990,14664,14446,14438,14363,14177,13852
Region IV-A,Calamba City,Total,48153,46492,44972,44134,42417,39747,38549,37010
Region IV-A,Calamba City,Male,24860,23899,23094,22803,21852,20425,20018,19225
Region IV-A,Calamba City,Female,23293,22593,21878,21331,20565,19322,18531,17785
Region IV-A,Antipolo City,Total,89931,87245,85173,82275,79986,77531,76135,75186
Region IV-A,Antipolo City,Male,46841,45322,44149,42700,41485,39897,39118,38646
Region IV-A,Antipolo City,Female,43090,41923,41024,39575,38501,37634,37017,36540
Region IV-A,Tanauan City,Total,19888,19934,19372,18955,18705,18348,18391,17688
Region IV-A,Tanauan City,Male,10259,10187,9944,9773,9703,9533,9459,9167
Region IV-A,Tanauan City,Female,9629,9747,9428,9182,9002,8815,8932,8521
Region IV-A,Sta. Rosa City,Total,32657,31586,29817,27835,26409,25344,24419,24035
Region IV-A,Sta. Rosa City,Male,16859,16248,15262,14272,13655,13015,12670,12480
Region IV-A,Sta. Rosa City,Female,15798,15338,14555,13563,12754,12329,11749,11555
Region IV-A Subtotal,,Total,1605041,1571394,1524916,1492682,1462440,1432416,1407012,1380676
Region IV-A Subtotal,,Male,836389,816832,790735,774261,758386,741783,728448,713653
Region IV-A Subtotal,,Female,768652,754562,734181,718421,704054,690633,678564,667023
Region IV-B,Marinduque,Total,36612,37457,37102,37749,38006,37701,38044,37845
Region IV-B,Marinduque,Male,19226,19669,19474,19889,20033,19763,19967,19688
Region IV-B,Marinduque,Female,17386,17788,17628,17860,17973,17938,18077,18157
Region IV-B,Occidental Mindoro,Total,81675,80614,79534,77680,74712,71756,72140,71529
Region IV-B,Occidental Mindoro,Male,42950,42131,41528,40601,38796,37085,37363,37045
Region IV-B,Occidental Mindoro,Female,38725,38483,38006,37079,35916,34671,34777,34484
Region IV-B,Oriental Mindoro,Total,109287,110365,109487,108214,105317,105450,105139,104701
Region IV-B,Oriental Mindoro,Male,57248,57867,57451,56459,54817,54661,54563,54154
Region IV-B,Oriental Mindoro,Female,52039,52498,52036,51755,50500,50789,50576,50547
Region IV-B,Palawan,Total,144474,142993,135714,131616,129461,124305,121992,117683
Region IV-B,Palawan,Male,75451,74668,70437,68285,66950,64072,62216,60300
Region IV-B,Palawan,Female,69023,68325,65277,63331,62511,60233,59776,57383
Region IV-B,Romblon,Total,49417,50439,50024,50113,51123,51615,51189,51774
Region IV-B,Romblon,Male,26258,26723,26506,26649,27077,27262,26878,27257
Region IV-B,Romblon,Female,23159,23716,23518,23464,24046,24353,24311,24517
Region IV-B,Puerto Princesa City,Total,34217,33869,32242,31422,30703,29122,29226,28587
Region IV-B,Puerto Princesa City,Male,17932,17748,16935,16451,15972,15151,15323,14849
Region IV-B,Puerto Princesa City,Female,16285,16121,15307,14971,14731,13971,13903,13738
Region IV-B,Calapan City,Total,17223,17113,16763,16836,16587,16482,16316,16335
Region IV-B,Calapan City,Male,8965,8856,8604,8670,8580,8513,8447,8524
Region IV-B,Calapan City,Female,8258,8257,8159,8166,8007,7969,7869,7811
Region IV-B,Region IV-B,Total,472905,472850,460866,453630,445909,436431,434046,428454
Region IV-B,Region IV-B,Male,248030,247662,240935,237004,232225,226507,224757,221817
Region IV-B,Region IV-B,Female,224875,225188,219931,216626,213684,209924,209289,206637
Region V,Albay,Total,141890,143031,140792,138067,134951,135067,134615,133368
Region V,Albay,Male,74895,75418,74013,72770,70925,70627,70305,69474
Region V,Albay,Female,66995,67613,66779,65297,64026,64440,64310,63894
Region V,Camarines Norte,Total,94490,94116,91392,90841,90806,88525,87375,85288
Region V,Camarines Norte,Male,49505,49205,47692,47460,47400,45976,45246,44137
Region V,Camarines Norte,Female,44985,44911,43700,43381,43406,42549,42129,41151
Region V,Camarines Sur,Total,285303,283096,272300,265810,254414,249083,246325,245305
Region V,Camarines Sur,Male,150655,149071,142363,138827,132684,129659,128265,127155
Region V,Camarines Sur,Female,134648,134025,129937,126983,121730,119424,118060,118150
Region V,Catanduanes,Total,43271,43145,42812,41792,41674,41011,40428,39798
Region V,Catanduanes,Male,23000,22898,22666,22017,22014,21520,21094,20642
Region V,Catanduanes,Female,20271,20247,20146,19775,19660,19491,19334,19156
Region V,Masbate,Total,160940,162194,163384,159429,156325,153485,145027,142308
Region V,Masbate,Male,84489,85029,85892,83790,81644,79899,74637,72869
Region V,Masbate,Female,76451,77165,77492,75639,74681,73586,70390,69439
Region V,Sorsogon,Total,109940,111167,107595,106505,106296,104446,105059,104895
Region V,Sorsogon,Male,58455,59135,56760,56162,55971,54982,55217,54897
Region V,Sorsogon,Female,51485,52032,50835,50343,50325,49464,49842,49998
Region V,Iriga City,Total,16407,16178,16038,15801,15272,14465,14493,14152
Region V,Iriga City,Male,8497,8349,8327,8231,7928,7442,7433,7283
Region V,Iriga City,Female,7910,7829,7711,7570,7344,7023,7060,6869
Region V,Legaspi City,Total,26432,25817,25130,24456,24066,23375,23318,23193
Region V,Legaspi City,Male,14026,13664,13275,12949,12778,12366,12338,12223
Region V,Legaspi City,Female,12406,12153,11855,11507,11288,11009,10980,10970
Region V,Naga City,Total,26131,25957,25930,25424,25428,25358,24251,24173
Region V,Naga City,Male,13536,13479,13485,13136,13202,13126,12594,12545
Region V,Naga City,Female,12595,12478,12445,12288,12226,12232,11657,11628
Region V,Sorsogon City,Total,26532,25863,26139,25832,25353,24710,24471,23982
Region V,Sorsogon City,Male,14114,13605,13850,13643,13349,12890,12722,12434
Region V,Sorsogon City,Female,12418,12258,12289,12189,12004,11820,11749,11548
Region V,Tabaco City,Total,22213,22076,21360,20693,20094,19966,19949,20026
Region V,Tabaco City,Male,11737,11623,11206,10860,10484,10361,10449,10475
Region V,Tabaco City,Female,10476,10453,10154,9833,9610,9605,9500,9551
Region V,Ligao City,Total,17846,18411,18438,18488,18302,17735,17534,17308
Region V,Ligao City,Male,9300,9611,9639,9605,9440,9170,9102,8986
Region V,Ligao City,Female,8546,8800,8799,8883,8862,8565,8432,8322
Region V,Masbate City,Total,17392,17132,16437,16565,16700,16550,15764,16044
Region V,Masbate City,Male,9085,8859,8446,8527,8549,8572,8109,8344
Region V,Masbate City,Female,8307,8273,7991,8038,8151,7978,7655,7700
Region V,Region V,Total,988787,988183,967747,949703,929681,913776,898609,889840
Region V,Region V,Male,521294,519946,507614,497977,486368,476590,467511,461464
Region V,Region V,Female,467493,468237,460133,451726,443313,437186,431098,428376
Region VI,Aklan,Total,74608,76721,76658,73473,76323,76417,76322,76486
Region VI,Aklan,Male,39580,40605,40513,38858,40251,40235,40109,40212
Region VI,Aklan,Female,35028,36116,36145,34615,36072,36182,36213,36274
Region VI,Antique,Total,86638,85989,83361,82385,78048,77198,77101,76913
Region VI,Antique,Male,45736,45467,43988,43328,40781,40005,40022,39890
Region VI,Antique,Female,40902,40522,39373,39057,37267,37193,37079,37023
Region VI,Capiz,Total,84041,85099,85750,87098,88523,89807,90442,90897
Region VI,Capiz,Male,44717,44979,45107,45913,46679,47240,47323,47526
Region VI,Capiz,Female,39324,40120,40643,41185,41844,42567,43119,43371
Region VI,Guimaras,Total,21720,21691,21372,21481,21659,21769,21660,21389
Region VI,Guimaras,Male,11522,11551,11411,11437,11627,11593,11486,11250
Region VI,Guimaras,Female,10198,10140,9961,10044,10032,10176,10174,10139
Region VI,Iloilo,Total,246514,240792,233738,232484,223068,223025,222151,223215
Region VI,Iloilo,Male,130212,126976,123088,122497,117273,116826,116133,116838
Region VI,Iloilo,Female,116302,113816,110650,109987,105795,106199,106018,106377
Region VI,Negros Occidental,Total,218506,213665,208540,209538,224968,223446,224062,223984
Region VI,Negros Occidental,Male,114462,111900,109092,109376,117327,116305,116289,115865
Region VI,Negros Occidental,Female,104044,101765,99448,100162,107641,107141,107773,108119
Region VI,Bacolod City,Total,64561,61836,60598,59045,57782,57202,56797,57052
Region VI,Bacolod City,Male,33609,32168,31523,30759,30164,29655,29485,29545
Region VI,Bacolod City,Female,30952,29668,29075,28286,27618,27547,27312,27507
Region VI,Bago City,Total,23132,23394,23293,23014,22541,22733,22570,22651
Region VI,Bago City,Male,12328,12436,12170,12101,11861,11958,11824,11847
Region VI,Bago City,Female,10804,10958,11123,10913,10680,10775,10746,10804
Region VI,Cadiz City,Total,22907,22354,22200,22281,22522,22089,22314,22532
Region VI,Cadiz City,Male,12048,11672,11605,11607,11779,11435,11513,11570
Region VI,Cadiz City,Female,10859,10682,10595,10674,10743,10654,10801,10962
Region VI,Iloilo City,Total,47491,47167,46355,45086,43086,42420,42593,42161
Region VI,Iloilo City,Male,24804,24641,24126,23581,22567,22063,22178,22026
Region VI,Iloilo City,Female,22687,22526,22229,21505,20519,20357,20415,20135
Region VI,La Carlota City,Total,9168,8726,8752,8793,8639,8596,8556,8689
Region VI,La Carlota City,Male,4820,4556,4607,4627,4536,4526,4488,4534
Region VI,La Carlota City,Female,4348,4170,4145,4166,4103,4070,4068,4155
Region VI,Roxas City,Total,20906,20628,20865,20347,20177,20182,19902,20212
Region VI,Roxas City,Male,10968,10685,10714,10455,10389,10369,10191,10357
Region VI,Roxas City,Female,9938,9943,10151,9892,9788,9813,9711,9855
Region VI,Sagay City,Total,22974,21668,21367,20811,21039,20846,20868,20974
Region VI,Sagay City,Male,12056,11137,11160,10828,10971,10868,10901,10916
Region VI,Sagay City,Female,10918,10531,10207,9983,10068,9978,9967,10058
Region VI,San Carlos City,Total,21714,21706,20461,21276,21084,21390,21483,21855
Region VI,San Carlos City,Male,11173,11095,10379,10856,10756,10913,10887,11188
Region VI,San Carlos City,Female,10541,10611,10082,10420,10328,10477,10596,10667
Region VI,Silay City,Total,15691,15609,15355,15217,15347,15720,15848,15726
Region VI,Silay City,Male,8248,8208,8128,8060,8140,8257,8340,8162
Region VI,Silay City,Female,7443,7401,7227,7157,7207,7463,7508,7564
Region VI,Kabankalan City,Total,29783,28997,26704,26809,26917,26649,26517,26738
Region VI,Kabankalan City,Male,15482,15016,13829,13940,14057,13789,13639,13782
Region VI,Kabankalan City,Female,14301,13981,12875,12869,12860,12860,12878,12956
Region VI,Passi City,Total,12028,12059,11448,11193,11091,11114,10890,10689
Region VI,Passi City,Male,6488,6472,6159,5955,5885,5825,5679,5631
Region VI,Passi City,Female,5540,5587,5289,5238,5206,5289,5211,5058
Region VI,Escalante City,Total,15504,15164,15140,14978,0,0,0,0
Region VI,Escalante City,Male,8237,7945,7900,7815,0,0,0,0
Region VI,Escalante City,Female,7267,7219,7240,7163,0,0,0,0
Region VI,Region VI,Total,1037886,1023265,1001957,995309,982814,980603,980076,982163
Region VI,Region VI,Male,546490,537509,525499,521993,515043,511862,510487,511139
Region VI,Region VI,Female,491396,485756,476458,473316,467771,468741,469589,471024
Region VII,Bohol,Total,182238,178159,173183,171809,168619,167484,165298,161819
Region VII,Bohol,Male,96266,93597,90973,90531,88778,87691,86599,84633
Region VII,Bohol,Female,85972,84562,82210,81278,79841,79793,78699,77186
Region VII,Cebu,Total,304351,292356,284022,276914,282924,301349,297423,296834
Region VII,Cebu,Male,160740,154223,149737,145831,149091,157663,155256,154466
Region VII,Cebu,Female,143611,138133,134285,131083,133833,143686,142167,142368
Region VII,Cebu City,Total,104612,104052,99231,97247,94987,93670,91989,91054
Region VII,Cebu City,Male,54272,54040,51802,50750,49448,48742,47680,47136
Region VII,Cebu City,Female,50340,50012,47429,46497,45539,44928,44309,43918
Region VII,Dumaguete City,Total,13585,13256,13112,12900,12821,12736,12629,12528
Region VII,Dumaguete City,Male,7231,6943,6889,6796,6719,6606,6541,6509
Region VII,Dumaguete City,Female,6354,6313,6223,6104,6102,6130,6088,6019
Region VII,Lapu-Lapu City,Total,52698,51086,47839,46075,44475,42557,40702,38866
Region VII,Lapu-Lapu City,Male,27390,26429,24779,23888,23144,22011,20993,19971
Region VII,Lapu-Lapu City,Female,25308,24657,23060,22187,21331,20546,19709,18895
Region VII,Mandaue City,Total,40227,39625,38259,35744,35115,34260,32952,32300
Region VII,Mandaue City,Male,20867,20527,19833,18656,18347,17847,17148,16902
Region VII,Mandaue City,Female,19360,19098,18426,17088,16768,16413,15804,15398
Region VII,Negros Oriental,Total,130391,130987,130545,129363,126296,137572,135791,135243
Region VII,Negros Oriental,Male,68407,68726,68637,67775,65834,70921,69791,69133
Region VII,Negros Oriental,Female,61984,62261,61908,61588,60462,66651,66000,66110
Region VII,Siquijor,Total,11703,11738,11181,11382,11134,11170,11038,10917
Region VII,Siquijor,Male,6192,6149,5835,5961,5827,5820,5772,5694
Region VII,Siquijor,Female,5511,5589,5346,5421,5307,5350,5266,5223
Region VII,Toledo City,Total,29240,28519,27176,26470,25690,25053,24641,24568
Region VII,Toledo City,Male,15584,15092,14296,13961,13557,13166,12843,12771
Region VII,Toledo City,Female,13656,13427,12880,12509,12133,11887,11798,11797
Region VII,Bayawan City,Total,20100,20256,20370,19868,20177,20336,20549,19857
Region VII,Bayawan City,Male,10656,10747,10823,10333,10489,10432,10413,10102
Region VII,Bayawan City,Female,9444,9509,9547,9535,9688,9904,10136,9755
Region VII,Danao City,Total,19261,18461,17206,16124,15985,15784,15671,15729
Region VII,Danao City,Male,9958,9464,8789,8203,8106,7940,7894,7887
Region VII,Danao City,Female,9303,8997,8417,7921,7879,7844,7777,7842
Region VII,Tagbilaran City,Total,10627,10431,10433,10011,10012,9627,9353,9144
Region VII,Tagbilaran City,Male,5611,5495,5543,5272,5285,5048,4886,4795
Region VII,Tagbilaran City,Female,5016,4936,4890,4739,4727,4579,4467,4349
Region VII,Talisay City,Total,28333,27151,25396,24567,23617,22485,21100,20482
Region VII,Talisay City,Male,14678,14011,13089,12656,12285,11734,10973,10597
Region VII,Talisay City,Female,13655,13140,12307,11911,11332,10751,10127,9885
Region VII,Tanjay City,Total,11088,11190,11078,11266,11416,11091,10766,10918
Region VII,Tanjay City,Male,5795,5779,5724,5848,5871,5711,5578,5659
Region VII,Tanjay City,Female,5293,5411,5354,5418,5545,5380,5188,5259
Region VII,Bais City,Total,12071,12093,11729,11850,12095,11823,12013,12237
Region VII,Bais City,Male,6421,6424,6212,6241,6406,6180,6281,6269
Region VII,Bais City,Female,5650,5669,5517,5609,5689,5643,5732,5968
Region VII,Guihulngan City,Total,15848,15857,15032,15125,15020,0,0,0
Region VII,Guihulngan City,Male,8299,8348,7782,7855,7728,0,0,0
Region VII,Guihulngan City,Female,7549,7509,7250,7270,7292,0,0,0
Region VII,Carcar City,Total,17694,17064,16855,16472,15840,0,0,0
Region VII,Carcar City,Male,9297,9009,8910,8750,8446,0,0,0
Region VII,Carcar City,Female,8397,8055,7945,7722,7394,0,0,0
Region VII,Bogo City,Total,10382,10146,9939,9715,9766,0,0,0
Region VII,Bogo City,Male,5371,5244,5146,5038,5061,0,0,0
Region VII,Bogo City,Female,5011,4902,4793,4677,4705,0,0,0
Region VII,"City of Naga, Cebu",Total,15908,15528,13722,14329,0,0,0,0
Region VII,"City of Naga, Cebu",Male,8385,8182,7237,7540,0,0,0,0
Region VII,"City of Naga, Cebu",Female,7523,7346,6485,6789,0,0,0,0
Region VII,Region VII,Total,1030357,1007955,976308,957231,935989,916997,901915,892496
Region VII,Region VII,Male,541420,528429,512036,501885,490422,477512,468648,462524
Region VII,Region VII,Female,488937,479526,464272,455346,445567,439485,433267,429972
Region VIII,Biliran,Total,27154,26938,26580,26472,26397,26247,26199,25967
Region VIII,Biliran,Male,14163,13978,13714,13669,13600,13410,13410,13263
Region VIII,Biliran,Female,12991,12960,12866,12803,12797,12837,12789,12704
Region VIII,Leyte,Total,225723,223839,218313,217554,217756,214489,215211,219082
Region VIII,Leyte,Male,118046,116765,113344,112783,113007,110600,110478,112221
Region VIII,Leyte,Female,107677,107074,104969,104771,104749,103889,104733,106861
Region VIII,Southern Leyte,Total,47924,47443,46461,45088,45581,45676,44906,45650
Region VIII,Southern Leyte,Male,25497,25070,24428,23596,23918,23900,23448,23833
Region VIII,Southern Leyte,Female,22427,22373,22033,21492,21663,21776,21458,21817
Region VIII,Eastern Samar,Total,67374,79306,83105,83038,80814,80580,77982,77035
Region VIII,Eastern Samar,Male,35705,41622,43246,43322,42224,41863,40107,39596
Region VIII,Eastern Samar,Female,31669,37684,39859,39716,38590,38717,37875,37439
Region VIII,Northern Samar,Total,118379,119111,124742,119683,115242,109458,104969,102891
Region VIII,Northern Samar,Male,61963,61997,65130,62352,59601,56229,53379,52106
Region VIII,Northern Samar,Female,56416,57114,59612,57331,55641,53229,51590,50785
Region VIII,Samar (Western Samar),Total,91896,111355,111023,104304,101416,98697,95025,92437
Region VIII,Samar (Western Samar),Male,48080,58144,58152,53850,52086,50327,48194,46768
Region VIII,Samar (Western Samar),Female,43816,53211,52871,50454,49330,48370,46831,45669
Region VIII,Calbayog City,Total,31894,32521,32591,30629,29580,28357,27534,27345
Region VIII,Calbayog City,Male,16631,16999,16913,15624,15082,14358,13773,13704
Region VIII,Calbayog City,Female,15263,15522,15678,15005,14498,13999,13761,13641
Region VIII,Ormoc City,Total,28293,28443,27673,26956,27207,26835,26892,27067
Region VIII,Ormoc City,Male,14665,14780,14332,13884,14002,13844,13870,13972
Region VIII,Ormoc City,Female,13628,13663,13341,13072,13205,12991,13022,13095
Region VIII,Tacloban City,Total,30604,30575,29880,29586,29295,28680,27648,27543
Region VIII,Tacloban City,Male,15929,15942,15340,15195,14948,14616,14080,13975
Region VIII,Tacloban City,Female,14675,14633,14540,14391,14347,14064,13568,13568
Region VIII,Maasin City,Total,10554,10304,10341,10161,10114,9784,9670,9625
Region VIII,Maasin City,Male,5641,5452,5509,5369,5342,5127,5072,5061
Region VIII,Maasin City,Female,4913,4852,4832,4792,4772,4657,4598,4564
Region VIII,Catbalogan City,Total,16946,0,0,0,0,0,0,0
Region VIII,Catbalogan City,Male,8860,0,0,0,0,0,0,0
Region VIII,Catbalogan City,Female,8086,0,0,0,0,0,0,0
Region VIII,Borongan City,Total,10626,0,0,0,0,0,0,0
Region VIII,Borongan City,Male,5702,0,0,0,0,0,0,0
Region VIII,Borongan City,Female,4924,0,0,0,0,0,0,0
Region VIII Subtotal,Region VIII Subtotal,Total,707367,709835,710709,693471,683402,668803,656036,654642
Region VIII Subtotal,Region VIII Subtotal,Male,370882,370749,370108,359644,353810,344274,335811,334499
Region VIII Subtotal,Region VIII Subtotal,Female,336485,339086,340601,333827,329592,324529,320225,320143
Region IX,Zamboanga del Norte,Total,148827,155644,155820,151324,144211,136878,133813,131884
Region IX,Zamboanga del Norte,Male,77545,80673,81077,78788,74634,70290,68496,67622
Region IX,Zamboanga del Norte,Female,71282,74971,74743,72536,69577,66588,65317,64262
Region IX,Zamboanga del Sur,Total,129191,129481,126427,122788,122724,123233,124152,125873
Region IX,Zamboanga del Sur,Male,67751,67843,65877,63953,63794,63697,63626,64326
Region IX,Zamboanga del Sur,Female,61440,61638,60550,58835,58930,59536,60526,61547
Region IX,Zamboanga Sibugay,Total,101797,99738,93518,90040,90928,89570,89657,90687
Region IX,Zamboanga Sibugay,Male,53150,51895,48436,46378,47017,46236,46349,46785
Region IX,Zamboanga Sibugay,Female,48647,47843,45082,43662,43911,43334,43308,43902
Region IX,Dapitan City,Total,12380,11991,12208,11933,11866,11708,11588,11561
Region IX,Dapitan City,Male,6575,6348,6438,6263,6276,6151,6078,6092
Region IX,Dapitan City,Female,5805,5643,5770,5670,5590,5557,5510,5469
Region IX,Dipolog City,Total,18039,17717,17376,17054,17093,16888,16477,16178
Region IX,Dipolog City,Male,9489,9208,9061,8806,8863,8658,8369,8175
Region IX,Dipolog City,Female,8550,8509,8315,8248,8230,8230,8108,8003
Region IX,Isabela City,Total,16677,16189,15405,15470,15276,15170,14619,14507
Region IX,Isabela City,Male,8471,8217,7785,7841,7799,7687,7340,7276
Region IX,Isabela City,Female,8206,7972,7620,7629,7477,7483,7279,7231
Region IX,Pagadian City,Total,26461,24766,24226,24328,24285,24161,23978,23838
Region IX,Pagadian City,Male,13573,12558,12332,12437,12327,12311,12152,12027
Region IX,Pagadian City,Female,12888,12208,11894,11891,11958,11850,11826,11811
Region IX,Zamboanga City,Total,127041,128557,121465,120941,116144,114890,110995,109204
Region IX,Zamboanga City,Male,65472,66282,62191,61985,59546,58828,56978,55832
Region IX,Zamboanga City,Female,61569,62275,59274,58956,56598,56062,54017,53372
Region IX Subtotal,Region IX Subtotal,Total,580413,584083,566445,553878,542527,532498,525279,523732
Region IX Subtotal,Region IX Subtotal,Male,302026,303024,293197,286451,280256,273858,269388,268135
Region IX Subtotal,Region IX Subtotal,Female,278387,281059,273248,267427,262271,258640,255891,255597
Region X,Malaybalay City,Total,26113,24961,24989,24375,23810,23435,22682,0
Region X,Malaybalay City,Male,13891,13088,13086,12813,12508,12315,11831,0
Region X,Malaybalay City,Female,12222,11873,11903,11562,11302,11120,10851,0
Region X,Bukidnon,Total,170035,164569,160042,157080,156725,149352,146924,167830
Region X,Bukidnon,Male,88593,85038,82512,80743,81031,76513,75304,86219
Region X,Bukidnon,Female,81442,79531,77530,76337,75694,72839,71620,81611
Region X,Camiguin,Total,12609,12292,12042,11939,12051,11960,11887,11686
Region X,Camiguin,Male,6601,6348,6249,6240,6299,6192,6251,6154
Region X,Camiguin,Female,6008,5944,5793,5699,5752,5768,5636,5532
Region X,Lanao del Norte,Total,88145,89620,87660,82209,82136,77732,73588,72573
Region X,Lanao del Norte,Male,45399,46247,45335,42475,42443,39901,37349,36770
Region X,Lanao del Norte,Female,42746,43373,42325,39734,39693,37831,36239,35803
Region X,Misamis Occidental,Total,43420,43856,43821,43386,42192,41267,41174,41627
Region X,Misamis Occidental,Male,22856,23037,23042,22778,22149,21597,21657,21812
Region X,Misamis Occidental,Female,20564,20819,20779,20608,20043,19670,19517,19815
Region X,Misamis Oriental,Total,101319,106294,103978,102508,100650,99924,97522,102271
Region X,Misamis Oriental,Male,53315,55400,54113,53476,52612,52090,50652,53283
Region X,Misamis Oriental,Female,48004,50894,49865,49032,48038,47834,46870,48988
Region X,Cagayan de Oro City,Total,78852,79368,76523,74269,73040,71986,71502,70706
Region X,Cagayan de Oro City,Male,40911,40860,39388,38251,37585,37020,36748,36524
Region X,Cagayan de Oro City,Female,37941,38508,37135,36018,35455,34966,34754,34182
Region X,Gingoog City,Total,20590,21264,20265,19880,19911,19605,19012,18407
Region X,Gingoog City,Male,10895,11192,10545,10317,10337,10022,9787,9489
Region X,Gingoog City,Female,9695,10072,9720,9563,9574,9583,9225,8918
Region X,Iligan City,Total,46074,46208,45174,45054,45634,44874,44462,44791
Region X,Iligan City,Male,23616,23844,23204,22995,23539,23084,22865,22783
Region X,Iligan City,Female,22458,22364,21970,22059,22095,21790,21597,22008
Region X,Ozamis City,Total,17332,17384,17016,17695,17530,17524,17646,18218
Region X,Ozamis City,Male,9057,9101,8870,9165,9088,8964,9076,9295
Region X,Ozamis City,Female,8275,8283,8146,8530,8442,8560,8570,8923
Region X,Oroquieta City,Total,9107,8937,8571,8576,8480,8290,8493,8367
Region X,Oroquieta City,Male,4813,4739,4446,4432,4383,4327,4421,4392
Region X,Oroquieta City,Female,4294,4198,4125,4144,4097,3963,4072,3975
Region X,Tangub City,Total,9662,9876,10316,10920,11129,10804,10892,11114
Region X,Tangub City,Male,5156,5199,5370,5652,5785,5645,5657,5748
Region X,Tangub City,Female,4506,4677,4946,5268,5344,5159,5235,5366
Region X,Valencia City,Total,28602,26924,26584,25436,25505,25015,24678,24881
Region X,Valencia City,Male,14891,13864,13697,13060,13140,12880,12735,12870
Region X,Valencia City,Female,13711,13060,12887,12376,12365,12135,11943,12011
Region X,El Salvador,Total,5812,5882,5583,5722,5288,5246,5250,0
Region X,El Salvador,Male,3117,3127,2918,2973,2786,2754,2756,0
Region X,El Salvador,Female,2695,2755,2665,2749,2502,2492,2494,0
Region X Subtotal,Region X Subtotal,Total,657672,657435,642564,629049,624081,607014,595712,592471
Region X Subtotal,Region X Subtotal,Male,343111,341084,332775,325370,323685,313304,307089,305339
Region X Subtotal,Region X Subtotal,Female,314561,316351,309789,303679,300396,293710,288623,287132
Region XI,Compostela Valley,Total,111507,109324,105137,100316,99106,97222,95841,97082
Region XI,Compostela Valley,Male,58633,57234,54800,52046,51558,50347,49346,49986
Region XI,Compostela Valley,Female,52874,52090,50337,48270,47548,46875,46495,47096
Region XI,Davao del Norte,Total,68200,66797,63319,59798,57536,55786,53884,54608
Region XI,Davao del Norte,Male,35859,35243,33265,31338,30117,29159,28162,28368
Region XI,Davao del Norte,Female,32341,31554,30054,28460,27419,26627,25722,26240
Region XI,Davao del Sur,Total,121252,120339,117652,109715,103431,99340,97758,100195
Region XI,Davao del Sur,Male,62848,62122,60934,56340,52570,50209,49207,50465
Region XI,Davao del Sur,Female,58404,58217,56718,53375,50861,49131,48551,49730
Region XI,Davao Oriental,Total,39728,98329,95579,70960,67499,86351,84737,87171
Region XI,Davao Oriental,Male,20717,51010,49354,36637,34688,44246,43097,44212
Region XI,Davao Oriental,Female,19011,47319,46225,34323,32811,42105,41640,42959
Region XI,Davao City,Total,191827,186435,183171,177765,172925,169402,166834,167070
Region XI,Davao City,Male,99844,97272,95197,92332,89717,87605,86191,85770
Region XI,Davao City,Female,91983,89163,87974,85433,83208,81797,80643,81300
Region XI,Digos City,Total,22517,21510,20833,20465,20075,19639,19394,19381
Region XI,Digos City,Male,11628,11002,10709,10501,10340,10119,9996,9998
Region XI,Digos City,Female,10889,10508,10124,9964,9735,9520,9398,9383
Region XI,Panabo City,Total,25587,25563,24716,23646,22108,21758,21735,21853
Region XI,Panabo City,Male,13319,13302,12892,12298,11426,11306,11195,11254
Region XI,Panabo City,Female,12268,12261,11824,11348,10682,10452,10540,10599
Region XI,Tagum City,Total,33048,31502,31067,30286,28417,27393,27092,26878
Region XI,Tagum City,Male,17186,16298,16100,15614,14644,14118,13940,13921
Region XI,Tagum City,Female,15862,15204,14967,14672,13773,13275,13152,12957
Region XI,Island Garden City of Samal,Total,15167,14875,14597,14194,14053,13491,13534,13323
Region XI,Island Garden City of Samal,Male,8121,7958,7790,7509,7448,7117,7125,6920
Region XI,Island Garden City of Samal,Female,7046,6917,6807,6685,6605,6374,6409,6403
Region XI,Mati City,Total,54256,0,0,22139,21320,0,0,0
Region XI,Mati City,Male,28446,0,0,11444,10990,0,0,0
Region XI,Mati City,Female,25810,0,0,10695,10330,0,0,0
Region XI Subtotal,Region XI Subtotal,Total,683089,674674,656071,629284,606470,590382,580809,587561
Region XI Subtotal,Region XI Subtotal,Male,356601,351441,341041,326059,313498,304226,298259,300894
Region XI Subtotal,Region XI Subtotal,Female,326488,323233,315030,303225,292972,286156,282550,286667
Region XII,North Cotabato,Total,176777,178337,176281,174347,171909,166497,159647,157398
Region XII,North Cotabato,Male,90448,91010,90287,88923,88225,85175,81247,80034
Region XII,North Cotabato,Female,86329,87327,85994,85424,83684,81322,78400,77364
Region XII,Sarangani,Total,88932,89575,86820,83061,82143,77550,72819,71952
Region XII,Sarangani,Male,45817,46039,44428,42322,41958,39100,36380,35975
Region XII,Sarangani,Female,43115,43536,42392,40739,40185,38450,36439,35977
Region XII,South Cotabato,Total,102949,100586,99246,97694,95225,91940,91153,90578
Region XII,South Cotabato,Male,53622,51931,51307,50189,48951,46944,46664,46409
Region XII,South Cotabato,Female,49327,48655,47939,47505,46274,44996,44489,44169
Region XII,Sultan Kudarat,Total,97029,96815,93623,90601,88710,86172,83178,80826
Region XII,Sultan Kudarat,Male,49870,49687,47971,46511,45443,44056,42454,41090
Region XII,Sultan Kudarat,Female,47159,47128,45652,44090,43267,42116,40724,39736
Region XII,Cotabato City,Total,33083,33229,32435,32237,31635,30520,29627,28897
Region XII,Cotabato City,Male,16573,16631,16016,15872,15694,15153,14724,14403
Region XII,Cotabato City,Female,16510,16598,16419,16365,15941,15367,14903,14494
Region XII,General Santos City,Total,76916,75809,72889,72222,69075,66446,65144,63827
Region XII,General Santos City,Male,39588,39090,37571,37052,35377,33919,33137,32411
Region XII,General Santos City,Female,37328,36719,35318,35170,33698,32527,32007,31416
Region XII,Kidapawan City,Total,18181,17355,17213,17174,16869,16963,16620,16783
Region XII,Kidapawan City,Male,9380,8858,8903,8963,8761,8879,8645,8675
Region XII,Kidapawan City,Female,8801,8497,8310,8211,8108,8084,7975,8108
Region XII,Koronadal City,Total,21301,20604,20017,19987,19892,19468,19214,19083
Region XII,Koronadal City,Male,11097,10753,10480,10472,10361,10028,9850,9725
Region XII,Koronadal City,Female,10204,9851,9537,9515,9531,9440,9364,9358
Region XII,Tacurong City,Total,12549,12073,11904,12189,11581,11465,11341,11559
Region XII,Tacurong City,Male,6571,6297,6206,6358,6056,5907,5887,5933
Region XII,Tacurong City,Female,5978,5776,5698,5831,5525,5558,5454,5626
Region XII Subtotal,Region XII Subtotal,Total,627717,624383,610428,599512,587039,567021,548743,540903
Region XII Subtotal,Region XII Subtotal,Male,322966,320296,313169,306662,300826,289161,278988,274655
Region XII Subtotal,Region XII Subtotal,Female,304751,304087,297259,292850,286213,277860,269755,266248
CARAGA,Agusan del Norte,Total,55515,55584,53639,51689,50891,49785,48662,47916
CARAGA,Agusan del Norte,Male,29139,29098,27985,26971,26545,26017,25451,24917
CARAGA,Agusan del Norte,Female,26376,26486,25654,24718,24346,23768,23211,22999
CARAGA,Agusan del Sur,Total,114265,112413,112201,107308,103864,97312,95468,97346
CARAGA,Agusan del Sur,Male,59161,58219,58413,55791,53974,49951,49001,49927
CARAGA,Agusan del Sur,Female,55104,54194,53788,51517,49890,47361,46467,47419
CARAGA,Butuan City,Total,48858,48204,46731,46330,45061,44069,42956,42737
CARAGA,Butuan City,Male,25380,24993,24234,23926,23446,22822,22334,22398
CARAGA,Butuan City,Female,23478,23211,22497,22404,21615,21247,20622,20339
CARAGA,Siargao,Total,20911,21665,21886,21277,21338,20527,18816,18302
CARAGA,Siargao,Male,10860,11320,11484,11164,11126,10655,9684,9390
CARAGA,Siargao,Female,10051,10345,10402,10113,10212,9872,9132,8912
CARAGA,Surigao City,Total,21745,21421,20634,20559,20430,19658,19001,18606
CARAGA,Surigao City,Male,11366,11175,10794,10713,10613,10172,9744,9651
CARAGA,Surigao City,Female,10379,10246,9840,9846,9817,9486,9257,8955
CARAGA,Surigao del Norte,Total,32525,31284,30026,29085,29509,29350,44102,44610
CARAGA,Surigao del Norte,Male,17138,16520,15797,15305,15521,15366,22935,23062
CARAGA,Surigao del Norte,Female,15387,14764,14229,13780,13988,13984,21167,21548
CARAGA,Surigao del Sur,Total,77987,78734,78628,75296,73813,72871,71603,72451
CARAGA,Surigao del Sur,Male,40696,41268,41330,39356,38500,37706,36653,37098
CARAGA,Surigao del Sur,Female,37291,37466,37298,35940,35313,35165,34950,35353
CARAGA,Bislig City,Total,13686,13759,13935,14074,14200,14579,14548,14640
CARAGA,Bislig City,Male,7166,7153,7314,7378,7445,7624,7611,7691
CARAGA,Bislig City,Female,6520,6606,6621,6696,6755,6955,6937,6949
CARAGA,Dinagat Island,Total,17087,17282,17090,16495,16981,17270,0,0
CARAGA,Dinagat Island,Male,9062,9122,8948,8699,8903,8989,0,0
CARAGA,Dinagat Island,Female,8025,8160,8142,7796,8078,8281,0,0
CARAGA Subtotal,CARAGA Subtotal,Total,402579,400346,394770,382113,376087,365421,355156,356608
CARAGA Subtotal,CARAGA Subtotal,Male,209968,208868,206299,199303,196073,189302,183413,184134
CARAGA Subtotal,CARAGA Subtotal,Female,192611,191478,188471,182810,180014,176119,171743,172474
ARMM,Maguindanao II,Total,79769,80742,78908,0,0,0,0,0
ARMM,Maguindanao II,Male,39364,39864,38810,0,0,0,0,0
ARMM,Maguindanao II,Female,40405,40878,40098,0,0,0,0,0
ARMM,Basilan,Total,37253,32671,33661,32696,32657,29787,44312,46844
ARMM,Basilan,Male,18336,16033,16287,15923,15811,14466,21799,23135
ARMM,Basilan,Female,18917,16638,17374,16773,16846,15321,22513,23709
ARMM,Lanao del Sur - IA,Total,54715,64819,72911,67618,56912,107230,108108,109244
ARMM,Lanao del Sur - IA,Male,25206,29860,32937,30833,26131,49528,50054,50512
ARMM,Lanao del Sur - IA,Female,29509,34959,39974,36785,30781,57702,58054,58732
ARMM,Lanao del Sur - IIA,Total,43226,48672,48931,48447,48525,74499,69028,72016
ARMM,Lanao del Sur - IIA,Male,18948,21232,21432,21116,20807,32489,30393,32184
ARMM,Lanao del Sur - IIA,Female,24278,27440,27499,27331,27718,42010,38635,39832
ARMM,Maguindanao I,Total,97667,105866,96755,176164,104718,91038,141008,136061
ARMM,Maguindanao I,Male,48047,52166,47180,85822,51529,44191,68414,65931
ARMM,Maguindanao I,Female,49620,53700,49575,90342,53189,46847,72594,70130
ARMM,Sulu I,Total,60926,62500,63879,63566,60354,60457,54542,51605
ARMM,Sulu I,Male,29965,30757,30846,30976,29744,30155,27056,25661
ARMM,Sulu I,Female,30961,31743,33033,32590,30610,30302,27486,25944
ARMM,Tawi-Tawi,Total,59943,78776,90478,72640,71438,69439,67897,61780
ARMM,Tawi-Tawi,Male,29182,38145,44665,35119,34830,33938,33398,30218
ARMM,Tawi-Tawi,Female,30761,40631,45813,37521,36608,35501,34499,31562
ARMM,Marawi City,Total,46341,50960,65900,66033,50136,54249,40204,40297
ARMM,Marawi City,Male,21212,22868,28654,30294,23073,24808,18794,19385
ARMM,Marawi City,Female,25129,28092,37246,35739,27063,29441,21410,20912
ARMM,Sulu II,Total,42619,46670,44168,46116,46116,45126,39278,37193
ARMM,Sulu II,Male,20684,22808,21393,22408,22408,22192,19238,18195
ARMM,Sulu II,Female,21935,23862,22775,23708,23708,22934,20040,18998
ARMM,Shariff Kabunsuan,Total,0,0,0,0,82437,73044,0,0
ARMM,Shariff Kabunsuan,Male,0,0,0,0,41192,36052,0,0
ARMM,Shariff Kabunsuan,Female,0,0,0,0,41245,36992,0,0
ARMM,Lamitan City,Total,14186,14471,17836,15691,13598,14602,0,0
ARMM,Lamitan City,Male,7205,7236,8803,7710,6762,7214,0,0
ARMM,Lamitan City,Female,6981,7235,9033,7981,6836,7388,0,0
ARMM,Lanao del Sur - IB,Total,52436,61246,60840,65068,59492,0,0,0
ARMM,Lanao del Sur - IB,Male,24576,28757,28422,30232,27939,0,0,0
ARMM,Lanao del Sur - IB,Female,27860,32489,32418,34836,31553,0,0,0
ARMM,Lanao del Sur - IIB,Total,36085,38621,36980,35366,37029,0,0,0
ARMM,Lanao del Sur - IIB,Male,16713,17719,17022,16237,17000,0,0,0
ARMM,Lanao del Sur - IIB,Female,19372,20902,19958,19129,20029,0,0,0
ARMM,ARMM,Total,625166,686014,711247,689405,663412,619471,564377,555040
ARMM,ARMM,Male,299438,327445,336451,326670,317226,295033,269146,265221
ARMM,ARMM,Female,325728,358569,374796,362735,346186,324438,295231,289819
CAR,Abra,Total,31696,31926,31914,31501,30727,30218,30008,30073
CAR,Abra,Male,16706,16772,16726,16583,16186,15909,15785,15818
CAR,Abra,Female,14990,15154,15188,14918,14541,14309,14223,14255
CAR,Apayao,Total,18300,18749,19036,18632,18018,17695,17762,17678
CAR,Apayao,Male,9707,9896,9981,9740,9355,9211,9230,9152
CAR,Apayao,Female,8593,8853,9055,8892,8663,8484,8532,8526
CAR,Benguet,Total,47323,47781,48290,48541,48426,48816,48917,48598
CAR,Benguet,Male,24851,25060,25370,25469,25480,25560,25653,25407
CAR,Benguet,Female,22472,22721,22920,23072,22946,23256,23264,23191
CAR,Ifugao,Total,28293,28060,27982,28371,28475,28690,29188,29279
CAR,Ifugao,Male,14911,14705,14766,14847,14936,14985,15070,15061
CAR,Ifugao,Female,13382,13355,13216,13524,13539,13705,14118,14218
CAR,Kalinga,Total,33700,33753,34044,33346,32190,31756,31519,31761
CAR,Kalinga,Male,17862,17799,17831,17431,16855,16504,16413,16487
CAR,Kalinga,Female,15838,15954,16213,15915,15335,15252,15106,15274
CAR,Mt. Province,Total,22319,22616,23173,23189,23375,23143,23418,23245
CAR,Mt. Province,Male,11826,11995,12286,12245,12327,12226,12324,12156
CAR,Mt. Province,Female,10493,10621,10887,10944,11048,10917,11094,11089
CAR,Baguio City,Total,33849,33610,33003,32067,31153,30164,29708,28886
CAR,Baguio City,Male,17548,17424,17222,16703,16184,15691,15496,15069
CAR,Baguio City,Female,16301,16186,15781,15364,14969,14473,14212,13817
CAR,CAR,Total,215480,216495,217442,215647,212364,210482,210520,209520
CAR,CAR,Male,113411,113651,114182,113018,111323,110086,109971,109150
CAR,CAR,Female,102069,102844,103260,102629,101041,100396,100549,100370
NCR,City of San Juan,Total,8602,8670,8849,9020,0,0,0,0
NCR,City of San Juan,Male,4433,4507,4551,4633,0,0,0,0
NCR,City of San Juan,Female,4169,4163,4298,4387,0,0,0,0
NCR,Navotas,Total,33009,33704,33961,0,0,0,0,0
NCR,Navotas,Male,17235,17507,17541,0,0,0,0,0
NCR,Navotas,Female,15774,16197,16420,0,0,0,0,0
NCR,Manila,Total,185534,186935,185461,184596,187142,183580,183458,180233
NCR,Manila,Male,95979,96451,95453,94690,96370,93985,94015,92478
NCR,Manila,Female,89555,90484,90008,89906,90772,89595,89443,87755
NCR,Quezon City,Total,261616,262241,262771,262364,261678,256333,251933,246330
NCR,Quezon City,Male,135030,135017,135347,134841,134658,131678,129726,126775
NCR,Quezon City,Female,126586,127224,127424,127523,127020,124655,122207,119555
NCR,Pasay City,Total,34976,35440,34970,35319,35264,35324,35172,34760
NCR,Pasay City,Male,18069,18323,18026,18196,18201,18308,18281,18151
NCR,Pasay City,Female,16907,17117,16944,17123,17063,17016,16891,16609
NCR,Caloocan City,Total,157645,157301,155158,153668,150906,148735,146535,141342
NCR,Caloocan City,Male,81793,81488,80567,79727,77907,76980,75621,73050
NCR,Caloocan City,Female,75852,75813,74591,73941,72999,71755,70914,68292
NCR,Mandaluyong City,Total,30866,31308,29736,29923,29431,28408,27979,27219
NCR,Mandaluyong City,Male,16153,16390,15515,15647,15300,14722,14584,14086
NCR,Mandaluyong City,Female,14713,14918,14221,14276,14131,13686,13395,13133
NCR,Marikina City,Total,44770,45362,44764,46530,46296,45759,45000,43813
NCR,Marikina City,Male,23013,23416,23082,23980,23759,23581,23194,22540
NCR,Marikina City,Female,21757,21946,21682,22550,22537,22178,21806,21273
NCR,Makati City,Total,50415,51270,51565,51828,51947,50793,48619,48914
NCR,Makati City,Male,25899,26344,26521,26609,26689,26109,25019,25088
NCR,Makati City,Female,24516,24926,25044,25219,25258,24684,23600,23826
NCR,Pasig City,Total,74386,73833,72956,73226,80520,79311,76569,74198
NCR,Pasig City,Male,38544,38283,37746,37824,41440,40923,39477,38339
NCR,Pasig City,Female,35842,35550,35210,35402,39080,38388,37092,35859
NCR,Paranaque City,Total,56591,56322,54429,53631,53501,53194,52736,50963
NCR,Paranaque City,Male,29221,29114,28179,27672,27611,27487,27287,26394
NCR,Paranaque City,Female,27370,27208,26250,25959,25890,25707,25449,24569
NCR,Las Pinas City,Total,61809,62249,60501,60215,58774,58927,57236,55313
NCR,Las Pinas City,Male,31926,32136,31247,31100,30209,30430,29544,28638
NCR,Las Pinas City,Female,29883,30113,29254,29115,28565,28497,27692,26675
NCR,Valenzuela City,Total,69658,68890,67452,66511,65285,63454,61603,59399
NCR,Valenzuela City,Male,36028,35693,34972,34628,33892,32777,31892,30842
NCR,Valenzuela City,Female,33630,33197,32480,31883,31393,30677,29711,28557
NCR,Malabon City,Total,47253,48064,47062,81022,80132,79905,79053,77681
NCR,Malabon City,Male,24623,24925,24372,42103,41404,41182,40854,40110
NCR,Malabon City,Female,22630,23139,22690,38919,38728,38723,38199,37571
NCR,Taguig,Total,81771,79805,76116,74397,73268,72066,70054,67433
NCR,Taguig,Male,42366,41334,39321,38448,37878,37180,36304,34739
NCR,Taguig,Female,39405,38471,36795,35949,35390,34886,33750,32694
NCR,Muntinlupa City,Total,47218,47163,46139,46145,45189,43771,41718,40725
NCR,Muntinlupa City,Male,24580,24511,23990,23851,23350,22631,21512,20967
NCR,Muntinlupa City,Female,22638,22652,22149,22294,21839,21140,20206,19758
NCR,NCR,Total,1246119,1248557,1231890,1228395,1219333,1199560,1177665,1148323
NCR,NCR,Male,644892,645439,636430,633949,628668,617973,607310,592197
NCR,NCR,Female,601227,603118,595460,594446,590665,581587,570355,556126
National Grand total,National Grand total,Total,13259489,13226888,13002994,12781131,12560776,12304207,12083661,11982566
National Grand total,National Grand total,Male,6899322,6862214,6733329,6613696,6498649,6345862,6226072,6167336
National Grand total,National Grand total,Female,6360167,6364674,6269665,6167435,6062127,5958345,5857589,5815230
,,,,,,,,,,
Department of Education,,,,,,,,,,
Enhanced Basic Education Information System,,,,,,,,,,
Multi-Year Performance Indicators,,,,,,,,,,
Total School Enrollment,,,,,,,,,,
Public Elementary Schools,,,,,,,,,,
Aggregated by: Division,,,,,,,,,,
